[{"route_id":"3101","stop_id":"110","stop_sequence":"1","pedestrian_stop":"20675","only_pedestrian":"1"},{"route_id":"3112","stop_id":"105","stop_sequence":"11","pedestrian_stop":"20676","only_pedestrian":"1"},{"route_id":"3113","stop_id":"103","stop_sequence":"1","pedestrian_stop":"11319","only_pedestrian":"1"},{"route_id":"921","stop_id":"103","stop_sequence":"1","pedestrian_stop":"16616","only_pedestrian":"1"},{"route_id":"3130","stop_id":"102","stop_sequence":"1","pedestrian_stop":"17516","only_pedestrian":"1"},{"route_id":"3351","stop_id":"102","stop_sequence":"1","pedestrian_stop":"17516","only_pedestrian":"1"},{"route_id":"7410","stop_id":"108","stop_sequence":"1","pedestrian_stop":"20458","only_pedestrian":"0"}]