{"d":[{"PartitionKey":"45641F73-241D-42F1-9B63-5BD1A953C1FA","RowKey":"861B5A1F-1EB4-4BAD-9773-14A56F432AF6","serviceid":"H","monday":"1","tuesday":"1","wednesday":"1","thursday":"1","friday":"1","saturday":"0","sunday":"0","startdate":"20140102","enddate":"20140331"},{"PartitionKey":"DAE22AED-5C59-43F6-9BD3-9DF2D0FBF7D2","RowKey":"3377380B-BA62-4ED9-8142-EA7134D89B7A","serviceid":"S","monday":"0","tuesday":"0","wednesday":"0","thursday":"0","friday":"0","saturday":"1","sunday":"0","startdate":"20140102","enddate":"20140329"},{"PartitionKey":"0B350776-8FC3-45B4-85ED-6FEB96A6325A","RowKey":"289E39AE-F450-4955-A139-42A5B5D1762C","serviceid":"D","monday":"0","tuesday":"0","wednesday":"0","thursday":"0","friday":"0","saturday":"0","sunday":"1","startdate":"20140102","enddate":"20140330"}]}